phi,L,k_eff_real,k_eff_imag,rel_std_incoherent,phi_half,realizations 
0.05,39.633272976060105,0.47711878974123656,0.027680313892711274,1.2235927841014171,0.22360679774997896,30
0.1,28.024956081989643,0.45423757948247306,0.05536062778542255,1.3191414503624201,0.31622776601683794,30
0.15,22.882280821594225,0.4313563692237096,0.08304094167813382,0.43519600414680515,0.3872983346207417,30
0.2,19.816636488030053,0.4084751589649462,0.1107212555708451,0.5572983966517288,0.4472135954999579,30
0.25,17.72453850905516,0.3855939487061827,0.13840156946355636,0.17295554419046463,0.5,30
0.3,16.18021593796416,0.36271273844741925,0.16608188335626764,3.163018601798124,0.5477225575051661,30
